,query,significant,p_value,term_size,query_size,intersection_size,precision,recall,term_id,source,term_name,effective_domain_size,source_order,parents
1,query_1,TRUE,0.0259282897231355,655,76,19,0.25,0.0290076335877863,GO:0007186,GO:BP,G protein-coupled receptor signaling pathway,6868,2775,GO:0007165
2,query_1,TRUE,0.00105640742125413,835,117,25,0.213675213675214,0.029940119760479,GO:0004888,GO:MF,transmembrane signaling receptor activity,10307,1145,GO:0038023
3,query_1,TRUE,0.00163373723598916,638,117,21,0.17948717948718,0.0329153605015674,GO:0004930,GO:MF,G protein-coupled receptor activity,10307,1173,GO:0004888
4,query_1,TRUE,0.0016346944364982,856,117,25,0.213675213675214,0.0292056074766355,GO:0038023,GO:MF,signaling receptor activity,10307,5506,GO:0060089
5,query_1,TRUE,0.0016346944364982,856,117,25,0.213675213675214,0.0292056074766355,GO:0060089,GO:MF,molecular transducer activity,10307,8381,GO:0003674
6,query_1,TRUE,0.0419661645750598,182,117,9,0.0769230769230769,0.0494505494505494,GO:0008528,GO:MF,G protein-coupled peptide receptor activity,10307,1781,GO:0001653/GO:0004930
7,query_1,TRUE,0.0437219883929134,183,117,9,0.0769230769230769,0.0491803278688525,GO:0001653,GO:MF,peptide receptor activity,10307,231,GO:0038023
