,query,significant,p_value,term_size,query_size,intersection_size,precision,recall,term_id,source,term_name,effective_domain_size,source_order,parents
1,query_1,TRUE,0.00358501677298434,86,134,8,0.0597014925373134,0.0930232558139535,GO:0004386,GO:MF,helicase activity,10307,747,GO:0140640/GO:0140657
2,query_1,TRUE,0.0136385108593142,17,134,4,0.0298507462686567,0.235294117647059,GO:0003950,GO:MF,NAD+ ADP-ribosyltransferase activity,10307,465,GO:0016763
3,query_1,TRUE,0.0195659346719283,35,134,5,0.0373134328358209,0.142857142857143,GO:0000976,GO:MF,transcription cis-regulatory region binding,10307,115,GO:0001067/GO:1990837
4,query_1,TRUE,0.0195659346719283,35,134,5,0.0373134328358209,0.142857142857143,GO:0001067,GO:MF,transcription regulatory region nucleic acid binding,10307,151,GO:0003676
5,query_1,TRUE,0.025730371199583,37,134,5,0.0373134328358209,0.135135135135135,GO:1990837,GO:MF,sequence-specific double-stranded DNA binding,10307,11154,GO:0003690/GO:0043565
